DLmalloc,Talc,Talc v4,RLSF,Galloc,Buddy Alloc
97.73739025741816,95.23566796382268,96.60892166694005,97.258368541797,81.53036357214053,58.940138290325805