DLmalloc,Talc,RLSF,Galloc,Buddy Alloc
97.75824540605149,95.1871112237374,97.18362700939178,81.42174863566954,58.93756102770566